Published;Title;Content;Entities;Categories;AYLIEN sentiment;Computed sentiment
2020-08-21  18:10;Axis Mutual Fund sells stake in V-Guard Industries, share gains over 3%;"Share price of V-Guard Industries jumped over 3% intraday in Friday's early session even as Axis Mutual Fund sold more than 94.96 lakh shares worth over Rs 152 crore of the company, via open market transactions. Axis Mutual Fund sold company shares at an average price of Rs 160.25 per share on the National Stock Exchange (NSE), as per the bulk deals data. Following the update, shares of V-Guard Industries opened at Rs 174.40 and later climbed 3.37% to the intraday high of Rs 175 on BSE against the earlier close of Rs 169.30. The stock price of  V-Guard Industries has jumped 8.26% in the last one week. V-Guard Industries shares 5, 20, 50 and 100 day but lower than 200-day moving averages. Market capitalisation of the firm stood at Rs 7,412 crore as of today's closing session. V-Guard Industries stock price closed Thursday's trade at Rs 170.50, up 6.40% against the previous closing price on the BSE. As per block deal data available on the NSE, company's shares or little over 2.22% stake were offloaded at an average price of Rs 160.25 apiece. As per the exchange data, SBI Mutual Fund bought the shares sold by Axis. The mutual fund manager had held a 4% equity stake in the company as per the shareholding pattern as of June 2020.In Q1 FY21, V-Guard Industries's net profit fell almost 92.9% to Rs 3.77 crore as net sales declined 42.3% to Rs 408 crore YoY. Share Market News Live: Sensex rises 250 points, Nifty at 11,409; NTPC, ONGC, BPCL, PowerGrid top gainers Gold price rises after two days; silver rates at Rs 68,500";"{'body': [{'indices': [[1277, 1286]],
           'links': {'dbpedia': 'http://dbpedia.org/resource/Net_profit'},
           'score': 0.9574462175369263,
           'text': 'net profit',
           'types': ['Software', 'Product', 'Measure']},
          {'indices': [[1438, 1441]],
           'links': {'dbpedia': 'http://dbpedia.org/resource/NTPC_Limited'},
           'score': 0.9988345503807068,
           'text': 'NTPC',
           'types': ['Organisation', 'Undertaking', 'Company', 'Agent']},
          {'indices': [[1146, 1152]],
           'links': {'dbpedia': 'http://dbpedia.org/resource/Manager_(association_football)'},
           'score': 0.4339257478713989,
           'text': 'manager',
           'types': ['SoccerClub']},
          {'indices': [[1168, 1173]],
           'links': {'dbpedia': 'http://dbpedia.org/resource/Equity_(finance)'},
           'score': 0.5014673471450806,
           'text': 'equity',
           'types': ['Difference', 'Disease']},
          {'indices': [[1134, 1144]],
           'links': {'dbpedia': 'http://dbpedia.org/resource/Mutual_fund'},
           'score': 1.0,
           'text': 'mutual fund',
           'types': ['PersonFunction']},
          {'indices': [[92, 95], [212, 215], [1124, 1127]],
           'links': {'dbpedia': 'http://dbpedia.org/resource/Axis_powers'},
           'score': 0.9975255131721497,
           'text': 'Axis',
           'types': ['Location',
                     'PopulatedPlace',
                     'EthnicGroup',
                     'Country',
                     'Nations',
                     'Place',
                     'Organisation']},
          {'indices': [[130, 133]],
           'links': {'dbpedia': 'http://dbpedia.org/resource/Lakh'},
           'score': 1.0,
           'text': 'lakh',
           'types': ['Organisation', 'Unit']},
          {'indices': [[487, 489], [906, 908]],
           'links': {'dbpedia': 'http://dbpedia.org/resource/Bombay_Stock_Exchange'},
           'score': 0.5283831357955933,
           'text': 'BSE',
           'types': ['Company', 'Exchange', 'Organisation']},
          {'indices': [[160, 164], [749, 753], [1317, 1321], [1361, 1365]],
           'links': {'dbpedia': 'http://dbpedia.org/resource/Crore'},
           'score': 1.0,
           'text': 'crore',
           'types': ['Organisation', 'Unit']},
          {'indices': [[1396, 1401]],
           'links': {'dbpedia': 'http://dbpedia.org/resource/BSE_SENSEX'},
           'score': 1.0,
           'text': 'Sensex',
           'types': ['Work', 'Product', 'Index', 'Organisation']},
          {'indices': [[1450, 1453]],
           'links': {'dbpedia': 'http://dbpedia.org/resource/Bharat_Petroleum'},
           'score': 1.0,
           'text': 'BPCL',
           'types': ['Oil', 'Organisation', 'Company', 'Agent']},
          {'indices': [[994, 998], [1175, 1179]],
           'links': {'dbpedia': 'http://dbpedia.org/resource/Stake_(Latter_Day_Saints)'},
           'score': 0.6762713193893433,
           'text': 'stake',
           'types': ['Organisation', 'Unit']},
          {'indices': [[1444, 1447]],
           'links': {'dbpedia': 'http://dbpedia.org/resource/Oil_and_Natural_Gas_Corporation'},
           'score': 0.7251869440078735,
           'text': 'ONGC',
           'types': ['Oil', 'Organisation', 'Company', 'Agent']},
          {'indices': [],
           'links': {'dbpedia': 'http://dbpedia.org/resource/National_Stock_Exchange_of_India'},
           'score': 1.0,
           'text': 'National Stock Exchange (NSE)',
           'types': ['Company', 'Exchange']},
          {'indices': [[324, 326], [951, 953]],
           'links': {'dbpedia': 'http://dbpedia.org/resource/National_Stock_Exchange_of_India'},
           'score': 0.7950342893600464,
           'text': 'NSE',
           'types': ['Company', 'Exchange', 'Organisation']},
          {'indices': [[153, 158]],
           'links': None,
           'score': None,
           'text': 'Rs 152',
           'types': ['Place']},
          {'indices': [[153, 154],
                       [272, 273],
                       [419, 420],
                       [477, 478],
                       [520, 521],
                       [740, 741],
                       [844, 845],
                       [1038, 1039],
                       [1309, 1310],
                       [1354, 1355],
                       [1527, 1528]],
           'links': None,
           'score': None,
           'text': 'Rs',
           'types': ['Place', 'Organisation']},
          {'indices': [[1421, 1425]],
           'links': None,
           'score': None,
           'text': 'Nifty',
           'types': ['Place']},
          {'indices': [[1247, 1253]],
           'links': None,
           'score': None,
           'text': 'Q1 FY21',
           'types': ['Product']},
          {'indices': [[15, 32],
                       [390, 407],
                       [551, 568],
                       [609, 626],
                       [786, 803],
                       [1256, 1273]],
           'links': None,
           'score': None,
           'text': 'V-Guard Industries',
           'types': ['Organisation']},
          {'indices': [[92, 107], [212, 227]],
           'links': None,
           'score': None,
           'text': 'Axis Mutual Fund',
           'types': ['Organisation']},
          {'indices': [[299, 321]],
           'links': None,
           'score': None,
           'text': 'National Stock Exchange',
           'types': ['Organisation']},
          {'indices': [[419, 427]],
           'links': None,
           'score': None,
           'text': 'Rs 174.40',
           'types': ['Organisation']},
          {'indices': [[1082, 1096]],
           'links': None,
           'score': None,
           'text': 'SBI Mutual Fund',
           'types': ['Organisation']},
          {'indices': [[1354, 1359]],
           'links': None,
           'score': None,
           'text': 'Rs 408',
           'types': ['Organisation']},
          {'indices': [[1367, 1393]],
           'links': None,
           'score': None,
           'text': 'YoY. Share Market News Live',
           'types': ['Organisation']},
          {'indices': [[1456, 1464]],
           'links': None,
           'score': None,
           'text': 'PowerGrid',
           'types': ['Organisation']}],
 'title': [{'indices': [[0, 3]],
            'links': {'dbpedia': 'http://dbpedia.org/resource/Axis_powers'},
            'score': 0.9998776316642761,
            'text': 'Axis',
            'types': ['PopulatedPlace',
                      'Nations',
                      'EthnicGroup',
                      'Place',
                      'Country',
                      'Location']},
           {'indices': [[23, 27]],
            'links': {'dbpedia': 'http://dbpedia.org/resource/Stake_(Latter_Day_Saints)'},
            'score': 0.45711103081703186,
            'text': 'stake',
            'types': ['Organisation', 'Unit']},
           {'indices': [[0, 15]],
            'links': None,
            'score': None,
            'text': 'Axis Mutual Fund',
            'types': ['Organisation']},
           {'indices': [[32, 49]],
            'links': None,
            'score': None,
            'text': 'V-Guard Industries',
            'types': ['Organisation']}]}";"[{'confident': True,
 'id': 'IAB13',
 'label': 'Personal Finance',
 'level': 1,
 'links': {'_self': 'https://api.aylien.com/api/v1/classify/taxonomy/iab-qag/IAB13',
           'parent': None},
 'score': 0.47999998927116394,
 'taxonomy': 'iab-qag'}, {'confident': True,
 'id': 'IAB13-11',
 'label': 'Stocks',
 'level': 2,
 'links': {'_self': 'https://api.aylien.com/api/v1/classify/taxonomy/iab-qag/IAB13-11',
           'parent': 'https://api.aylien.com/api/v1/classify/taxonomy/iab-qag/IAB13'},
 'score': 0.18000000715255737,
 'taxonomy': 'iab-qag'}, {'confident': True,
 'id': '04008026',
 'label': 'stocks',
 'level': 3,
 'links': {'_self': 'https://api.aylien.com/api/v1/classify/taxonomy/iptc-subjectcode/04008026',
           'parent': 'https://api.aylien.com/api/v1/classify/taxonomy/iptc-subjectcode/04008000'},
 'score': 0.12999999523162842,
 'taxonomy': 'iptc-subjectcode'}]";"{'body': {'polarity': 'negative', 'score': 0.566455},
 'title': {'polarity': 'neutral', 'score': 0.648265}}";['negative']
2020-08-21  08:18;"Stocks in Focus on August 21: BPCL, IOB to GMM Pfaudler; here are the 5 Newsmakers of the Day";"Key domestic indices corrected on Thursday, August 20, 2020, snapping a three-day rising streak as weak global cues triggered profit booking. The barometer index, the S&P BSE Sensex declined 394.40 points or 1.02% at 38,220.39. The Nifty 50 index lost 96.20 points or 0.84% at 11,312.20. But certain stocks came in news after the market was closed. These stocks can impact the indices when it reopens on Friday, August 21, 2020. List of such five stocks:

Triggers: There are certain events, like Max Healthcare Listing, AGR hearing, Results Today, Dixon Tech, M&M Finance, BPCL, AGM and Ex-dividend, which can create positive/negative reactions in the markets. Find them in detail:

AGR Hearing: The Supreme Court is scheduled to hear the on adjusted gross revenue (AGR) dues case today. The matter will be heard at 2 pm. Max HealthCare Institute Ltd.: To be listed today. Max Hospital is India’s second-largest private hospital chain in terms of revenue. The company was formed following the demerger of Max India’s healthcare business and amalgamation with Radiant Healthcare. Abhay Soi and Kohlberg Kravis Roberts & Co LP (KKR) will have a 75% share in Max Healthcare Institute Limited (MHIL). As a result of this merger, shareholders of Max India will receive 99 equity shares of the Merged Entity (MHIL) for every 100 equity shares that they hold in Max India as on the relevant record date

 Dixon Technologies: The board of directors of Dixon Technologies is scheduled to meet today to consider and approve the plan to raise funds by way of issuance of any instrument or security. 

 Jet Airways: Today is the deadline for completion of Jet Airways (India) Ltd's insolvency resolution process, which was earlier extended till 21 August due to the nationwide lockdown to contain the spread of the COVID-19 virus.

M&M Finance: Right Issue Share will be allotted today.

BPCL: Core Group of Secretaries on disinvestment (CGD) will meet today to discuss investor issues for the bidding of oil major Bharat Petroleum Corporation Ltd (BPCL), government sources, who did not wish to be named, revealed exclusively to Zee Business. Investors have some queries regarding strategic disinvestment of BPCL. Foreign companies are asking if they can bid through a consortium or special purpose vehicle. September 30 is the last date for submission of the bids.

AGM Today: Annual General Meeting of companies, like Astral Poly Technik Ltd, Bandhan Bank Ltd, Intellect Design Arena Ltd, Jindal Stainless (Hisar) Ltd, Jindal Stainless Ltd, Navin Fluorine International Limited, TTK Prestige Ltd, Voltas Ltd and Whirlpool of India Ltd, is scheduled to be held today.

Ex-Dividend today: Aurobindo Pharma Ltd, Dynamic Industries, Indian Hume Pipe, Lovable Lingerie, MCX India, Natco Pharma, Radico Khaitan, Tinplate Company and Vaibhav Global will turn ex-dividend today. The ex-dividend date for stocks is usually set one business day before the record date.

Post Market Results: These companies Foods & Inns, Electrotherm India, IOB, India Nippon Electricals, MOIL and J Kumar Infra, have reported their financial results after the market hours on Thursday. Find in details:

Foods & Inns Ltd.: The Fruit and vegetable canning company on Thursday reported a 73.1% year-on-year decline in the consolidated profit at Rs 1.4 crore for the quarter ended June 30, 2020. It had posted a net profit of Rs 5.2% in the corresponding quarter last year. Consolidated revenue from operations dropped 30.4% to Rs 68.2 crore against Rs 98 crore posted last year. EBITDA stood at Rs 5.5 crore, down 56.7% from Rs 12.7 crore posted in the year-ago quarter. The margin contracted to 8.1% in Q1FY21 from 13% posted in Q1FY20.

Electrotherm India: Electrotherm India on Thursday reported a consolidated loss of Rs 49.6 crore for the quarter ended June 30, 2020. It had posted a net profit of Rs 37.7 crore in the same quarter last year. Consolidated revenue declined 66.4% to Rs 322 crore against Rs 958 crore posted last year. The company posted negative EBITDA of Rs 12 crore against a positive EBITDA of Rs 73.6 crore posted last year. The margin entered a negative zone to -3.7% in Q1FY21 against 7.7% reported in Q1FY20/.

Indian Overseas Bank (IOB): IOB on Thursday reported a standalone profit of Rs 121 crore for the quarter ended June 30, 2020, against a net loss of Rs 342 crore posted last year in the same quarter. Net interest income (NII) grew 9.7% to Rs 1,413 crore in the quarter against Rs 1,288 crore posted last year. Provisions and contingencies for the quarter were reduced 16.2% to Rs 970 crore as against Rs 1,157 crore parked aside last year. It provisioned Rs 1,060 crore in the March quarter of last year. Gross non-performing assets (NPAs) dropped to 13.9% on a quarter-on-quarter basis from 14.78% posted in Q4FY20. The net non-performing assets (NNPA) dropped to 5.1% in Q1FY21 against 5.44% in Q4FY20.

India Nippon Electricals: India Nippon Electricals has reported a consolidated loss of Rs 5.6 crore for the quarter ended June 30, 2020, against a net profit of Rs 20.4 crore posted in the corresponding quarter of the last year. Consolidated revenue from operations dropped 73.5% in Q1FY21 to Rs 34.5 crore against Rs 130.4 crore posted in Q1FY20. The company posted negative EBITDA of Rs 13.6 crore against a positive EBITDA of Rs 16.8 crore posted last year. The margin dropped to negative 39.4% in Q1FY21 against 12.9% posted in Q1FY20.

MOIL: State-owned MOIL on Thursday reported a 97.9% year-on-year decline in consolidated profit to Rs 1.9 crore for the quarter ended June 30, 2020. It had posted a net profit of Rs 90.7 crore in the corresponding quarter last year. Consolidated revenue dropped 45.6% to Rs 152.3 crore against Rs 280.1 crore posted last year. EBITDA stood at Rs 48.3 crore, down 56.4% from Rs 110.9 crore. The margin contracted to 31.7% in Q1FY21 against 39.6% posted in Q1FY20.

J Kumar Infraprojects: A pure-play EPC company, J Kumar Infraprojects on Thursday reported a standalone loss of Rs 20.8 crore for the quarter ended June 30, 2020. It had posted a net profit of Rs 40.9 crore in the corresponding quarter last year. Standalone revenue dropped 57.3% to Rs 285.3 crore against Rs 667.7 crore posted in a year-ago quarter. EBITDA stood at Rs 28.3 crore, down 74.6% to Rs 111.3 crore. The margin contracted to 9.9% in Q1FY21 from 16.7% posted in Q1FY20.

Index Changes - Nifty 50 and others: SBI Life Insurance and Divi's Laboratories will enter benchmark index Nifty 50, while Bharti Infratel and Zee Entertainment Enterprises will be dropped from the Nifty 50. The changes will turn effective from September 25, 2020. Details of the changes:

Inclusions: Aarti Drugs, ABB Power Products and Systems, Adani Enterprises, Alembic, Alok Industries, Chalet Hotels, Gujarat Ambuja Exports, Huhtamaki PPL, IOL Chemicals and Pharma, Navneet Education, Polyplex Corporation, Shilpa Medicare, Solara Active Pharma Sciences, Supreme Petrochem, Suven Pharmaceuticals, Tata Chemicals, Yes Bank. 

 Exclusions: Adani Power, GE T&D India, Hexaware Technologies, Himatsingka Seide, IFCI, India Tourism Development Corporation, IndoStar Capital Finance, Intellect Design Arena, Jubilant Life Sciences, KPR Mills, Mahindra CIE Automotive, Nava Bharat Ventures, Sadbhav Engineering, Shree Renuka Sugars, Take Solutions, Time Technoplast, Vesuvius India.

GM PFaudler: GMM Pfaudler will acquire a majority stake in the global business of its parent Pfaudler Group for $27.4 million from private equity firm Deutsche Beteiligungs AG Fund VI (DBAG). The company will acquire 34.4% of the Pfaudler Group by itself and another 19.6% through its wholly-owned subsidiary Mavag AG. Besides, the promoters of GMM Pfaudler will acquire a 26% stake in the Pfaudler Group. DBAG will continue to retain the balance 20% stake.

V-Guard Industries: SBI Mutual Fund has acquired 94 lakh shares at Rs 160.25 per share, while Axis Mutual Fund sold 94 lakh shares (2.22%) at Rs 160.25 per share in the company. 

 Future Consumer: Clix Capital Services sold 1.12 crore shares of the company at Rs 11.2 per share.";"{'body': [{'indices': [[6518, 6532]],
           'links': {'dbpedia': 'http://dbpedia.org/resource/Bharti_Enterprises'},
           'score': 1.0,
           'text': 'Bharti Infratel',
           'types': ['Organisation', 'Company', 'Conglomerate', 'Agent']},
          {'indices': [[6710, 6712]],
           'links': {'dbpedia': 'http://dbpedia.org/resource/ABB_Group'},
           'score': 0.9968411326408386,
           'text': 'ABB',
           'types': ['Corporation', 'Organisation', 'Company', 'Agent']},
          {'indices': [[1094, 1116]],
           'links': {'dbpedia': 'http://dbpedia.org/resource/Kohlberg_Kravis_Roberts'},
           'score': 1.0,
           'text': 'Kohlberg Kravis Roberts',
           'types': ['Bank', 'Firm', 'Organisation', 'Company', 'Agent']},
          {'indices': [[1127, 1129]],
           'links': {'dbpedia': 'http://dbpedia.org/resource/Kohlberg_Kravis_Roberts'},
           'score': 0.9930015206336975,
           'text': 'KKR',
           'types': ['Bank', 'Firm', 'Organisation', 'Company', 'Agent']},
          {'indices': [[1994, 1996]],
           'links': {'dbpedia': 'http://dbpedia.org/resource/Petroleum'},
           'score': 0.5826210975646973,
           'text': 'oil',
           'types': ['PersonFunction']},
          {'indices': [[3375, 3384],
                       [3853, 3862],
                       [5055, 5064],
                       [5614, 5623],
                       [6092, 6101]],
           'links': {'dbpedia': 'http://dbpedia.org/resource/Net_profit'},
           'score': 0.9477583169937134,
           'text': 'net profit',
           'types': ['Software', 'Product', 'Measure']},
          {'indices': [[1018, 1027]],
           'links': {'dbpedia': 'http://dbpedia.org/resource/Health_care'},
           'score': 0.9985385537147522,
           'text': 'healthcare',
           'types': ['Maintenance', 'Company']},
          {'indices': [[521, 523], [684, 686], [767, 769]],
           'links': {'dbpedia': 'http://dbpedia.org/resource/Andretti_Autosport'},
           'score': 0.6456805467605591,
           'text': 'AGR',
           'types': ['SoccerClub', 'Person', 'Auto']},
          {'indices': [[7052, 7053]],
           'links': {'dbpedia': 'http://dbpedia.org/resource/General_Electric'},
           'score': 0.9779390096664429,
           'text': 'GE',
           'types': ['Corporation', 'Organisation', 'Company', 'Agent']},
          {'indices': [[6925, 6930]],
           'links': {'dbpedia': 'http://dbpedia.org/resource/Simca_1307'},
           'score': 0.7337713241577148,
           'text': 'Solara',
           'types': ['Name', 'MeanOfTransportation', 'Automobile', 'Product']},
          {'indices': [[146, 154]],
           'links': {'dbpedia': 'http://dbpedia.org/resource/Barometer'},
           'score': 1.0,
           'text': 'barometer',
           'types': ['Agent', 'Instrument']},
          {'indices': [[1592, 1602], [1645, 1655]],
           'links': {'dbpedia': 'http://dbpedia.org/resource/Jet_Airways'},
           'score': 1.0,
           'text': 'Jet Airways',
           'types': ['Organisation',
                     'Airline',
                     'Company',
                     'PublicTransitSystem',
                     'Agent']},
          {'indices': [[1927, 1929]],
           'links': {'dbpedia': 'http://dbpedia.org/resource/Compagnia_Generale_del_Disco'},
           'score': 0.8848888278007507,
           'text': 'CGD',
           'types': ['RecordLabel',
                     'Organisation',
                     'Company',
                     'Label',
                     'Agent']},
          {'indices': [[2481, 2496], [2511, 2526]],
           'links': {'dbpedia': 'http://dbpedia.org/resource/Jindal_Steel_and_Power'},
           'score': 1.0,
           'text': 'Jindal Stainless',
           'types': ['Organisation',
                     'Steel',
                     'Company',
                     'ArchitecturalStructure',
                     'Agent']},
          {'indices': [[4135, 4147]],
           'links': {'dbpedia': 'http://dbpedia.org/resource/Negative_Zone'},
           'score': 1.0,
           'text': 'negative zone',
           'types': ['Setting', 'ClassicalMusicComposition']},
          {'indices': [[4203, 4222]],
           'links': {'dbpedia': 'http://dbpedia.org/resource/Indian_Overseas_Bank'},
           'score': 1.0,
           'text': 'Indian Overseas Bank',
           'types': ['Bank', 'Organisation', 'Company', 'Agent']},
          {'indices': [[7931, 7934]],
           'links': {'dbpedia': 'http://dbpedia.org/resource/Axis_powers'},
           'score': 0.9974440336227417,
           'text': 'Axis',
           'types': ['Location',
                     'Nations',
                     'Place',
                     'Country',
                     'EthnicGroup',
                     'PopulatedPlace']},
          {'indices': [[3203, 3219]],
           'links': {'dbpedia': 'http://dbpedia.org/resource/Canning'},
           'score': 1.0,
           'text': 'vegetable canning',
           'types': ['Software', 'Product', 'Method']},
          {'indices': [[2499, 2503]],
           'links': {'dbpedia': 'http://dbpedia.org/resource/Hisar_(city)'},
           'score': 0.9441859126091003,
           'text': 'Hisar',
           'types': ['Location',
                     'Place',
                     'Headquarters',
                     'City',
                     'Settlement',
                     'PopulatedPlace']},
          {'indices': [[6761, 6767]],
           'links': {'dbpedia': 'http://dbpedia.org/resource/Alembic_Inc'},
           'score': 0.6664749383926392,
           'text': 'Alembic',
           'types': ['Organisation', 'Manufacturer', 'Company', 'Agent']},
          {'indices': [[2539, 2546]],
           'links': {'dbpedia': 'http://dbpedia.org/resource/Fluorine'},
           'score': 1.0,
           'text': 'Fluorine',
           'types': ['MilitaryUnit', 'Element']},
          {'indices': [[1086, 1088]],
           'links': {'dbpedia': 'http://dbpedia.org/resource/Soi'},
           'score': 1.0,
           'text': 'Soi',
           'types': ['Term']},
          {'indices': [[6836, 6838]],
           'links': {'dbpedia': 'http://dbpedia.org/resource/PPL_Corporation'},
           'score': 0.6784309148788452,
           'text': 'PPL',
           'types': ['Organisation', 'Company', 'Agent']},
          {'indices': [[890, 894],
                       [1010, 1014],
                       [1246, 1250],
                       [1360, 1364],
                       [1658, 1662],
                       [2617, 2621],
                       [2761, 2765],
                       [3016, 3020],
                       [3028, 3032],
                       [3716, 3720],
                       [3736, 3740],
                       [4908, 4912],
                       [4934, 4938],
                       [7059, 7063],
                       [7114, 7118],
                       [7370, 7374]],
           'links': {'dbpedia': 'http://dbpedia.org/resource/India'},
           'score': 0.9987348318099976,
           'text': 'India',
           'types': ['Location',
                     'Country',
                     'Place',
                     'MusicalArtist',
                     'PopulatedPlace']},
          {'indices': [[6538, 6566]],
           'links': {'dbpedia': 'http://dbpedia.org/resource/Zee_Entertainment_Enterprises'},
           'score': 1.0,
           'text': 'Zee Entertainment Enterprises',
           'types': ['Organisation', 'Media', 'Company', 'Agent']},
          {'indices': [[1268, 1280], [1324, 1336]],
           'links': {'dbpedia': 'http://dbpedia.org/resource/Common_stock'},
           'score': 1.0,
           'text': 'equity shares',
           'types': ['Form']},
          {'indices': [[7889, 7892], [7956, 7959]],
           'links': {'dbpedia': 'http://dbpedia.org/resource/Lakh'},
           'score': 1.0,
           'text': 'lakh',
           'types': ['Unit', 'Organisation']},
          {'indices': [[4819, 4825]],
           'links': {'dbpedia': 'http://dbpedia.org/resource/The_Net_(1995_film)'},
           'score': 0.9872164130210876,
           'text': 'The net',
           'types': ['Work', 'Product', 'Film', 'Wikidata:Q11424']},
          {'indices': [[6915, 6922]],
           'links': {'dbpedia': 'http://dbpedia.org/resource/Medicare_(United_States)'},
           'score': 0.9864550232887268,
           'text': 'Medicare',
           'types': ['Program', 'TelevisionShow', 'Product']},
          {'indices': [[701, 713]],
           'links': {'dbpedia': 'http://dbpedia.org/resource/Supreme_Court_of_the_United_States'},
           'score': 0.9530957341194153,
           'text': 'Supreme Court',
           'types': ['Place', 'Court', 'Country']},
          {'indices': [[7343, 7346]],
           'links': {'dbpedia': 'http://dbpedia.org/resource/Time_(magazine)'},
           'score': 0.9546211361885071,
           'text': 'Time',
           'types': ['Work',
                     'Product',
                     'PeriodicalLiterature',
                     'Magazine',
                     'WrittenWork']},
          {'indices': [[3316, 3320],
                       [3499, 3503],
                       [3519, 3523],
                       [3566, 3570],
                       [3597, 3601],
                       [3794, 3798],
                       [3875, 3879],
                       [3958, 3962],
                       [3979, 3983],
                       [4047, 4051],
                       [4090, 4094],
                       [4286, 4290],
                       [4358, 4362],
                       [4450, 4454],
                       [4488, 4492],
                       [4586, 4590],
                       [4612, 4616],
                       [4666, 4670],
                       [5002, 5006],
                       [5077, 5081],
                       [5209, 5213],
                       [5232, 5236],
                       [5302, 5306],
                       [5345, 5349],
                       [5555, 5559],
                       [5636, 5640],
                       [5729, 5733],
                       [5752, 5756],
                       [5800, 5804],
                       [5832, 5836],
                       [6033, 6037],
                       [6114, 6118],
                       [6205, 6209],
                       [6228, 6232],
                       [6288, 6292],
                       [6318, 6322],
                       [8067, 8071]],
           'links': {'dbpedia': 'http://dbpedia.org/resource/Crore'},
           'score': 1.0,
           'text': 'crore',
           'types': ['Unit', 'Organisation']},
          {'indices': [[6697, 6701]],
           'links': {'dbpedia': 'http://dbpedia.org/resource/Aarti'},
           'score': 0.9993435740470886,
           'text': 'Aarti',
           'types': ['EthnicGroup', 'Ritual']},
          {'indices': [[6802, 6808]],
           'links': {'dbpedia': 'http://dbpedia.org/resource/Gujarat'},
           'score': 0.999534547328949,
           'text': 'Gujarat',
           'types': ['Location',
                     'Place',
                     'State',
                     'Settlement',
                     'PopulatedPlace']},
          {'indices': [[171, 180]],
           'links': {'dbpedia': 'http://dbpedia.org/resource/BSE_SENSEX'},
           'score': 1.0,
           'text': 'BSE Sensex',
           'types': ['Work', 'Product', 'Index']},
          {'indices': [[2604, 2612]],
           'links': {'dbpedia': 'http://dbpedia.org/resource/Whirlpool_Corporation'},
           'score': 0.8319573998451233,
           'text': 'Whirlpool',
           'types': ['Organisation', 'Manufacturer', 'Company', 'Agent']},
          {'indices': [[7361, 7368]],
           'links': {'dbpedia': 'http://dbpedia.org/resource/Mount_Vesuvius'},
           'score': 1.0,
           'text': 'Vesuvius',
           'types': ['Location',
                     'Stratovolcano',
                     'Volcano',
                     'Place',
                     'NaturalPlace']},
          {'indices': [[574, 577], [1877, 1880], [2038, 2041], [2198, 2201]],
           'links': {'dbpedia': 'http://dbpedia.org/resource/Bharat_Petroleum'},
           'score': 1.0,
           'text': 'BPCL',
           'types': ['Organisation', 'Oil', 'Company', 'Agent']},
          {'indices': [[2004, 2019]],
           'links': {'dbpedia': 'http://dbpedia.org/resource/Bharat_Petroleum'},
           'score': 1.0,
           'text': 'Bharat Petroleum',
           'types': ['Organisation', 'Oil', 'Company', 'Agent']},
          {'indices': [[1766, 1773]],
           'links': {'dbpedia': 'http://dbpedia.org/resource/Lockdown'},
           'score': 0.9405412673950195,
           'text': 'lockdown',
           'types': ['Book', 'Product', 'Definitions']},
          {'indices': [[1813, 1817]],
           'links': {'dbpedia': 'http://dbpedia.org/resource/Virus'},
           'score': 0.9915439486503601,
           'text': 'virus',
           'types': ['Species', 'Agent', 'Animal']},
          {'indices': [[7238, 7245]],
           'links': {'dbpedia': 'http://dbpedia.org/resource/Mahindra_&_Mahindra'},
           'score': 0.8215532302856445,
           'text': 'Mahindra',
           'types': ['Corporation', 'Organisation', 'Company', 'Agent']},
          {'indices': [[3543, 3548],
                       [4031, 4036],
                       [4072, 4077],
                       [5284, 5289],
                       [5327, 5332],
                       [5776, 5781],
                       [6264, 6269]],
           'links': {'dbpedia': 'http://dbpedia.org/resource/Earnings_before_interest,_taxes,_depreciation,_and_amortization'},
           'score': 1.0,
           'text': 'EBITDA',
           'types': ['Software', 'Product', 'Measure', 'Person']},
          {'indices': [[921, 928]],
           'links': {'dbpedia': 'http://dbpedia.org/resource/Hospital'},
           'score': 0.9998299479484558,
           'text': 'hospital',
           'types': ['University', 'Institution', 'PersonFunction']},
          {'indices': [[1671, 1680]],
           'links': {'dbpedia': 'http://dbpedia.org/resource/Insolvency'},
           'score': 0.8484076857566833,
           'text': 'insolvency',
           'types': ['State', 'PopulatedPlace']},
          {'indices': [[7509, 7527]],
           'links': {'dbpedia': 'http://dbpedia.org/resource/Private_equity_firm'},
           'score': 0.9389775991439819,
           'text': 'private equity firm',
           'types': ['SoccerManager', 'Manager']},
          {'indices': [[7428, 7432], [7755, 7759], [7829, 7833]],
           'links': {'dbpedia': 'http://dbpedia.org/resource/Stake_(Latter_Day_Saints)'},
           'score': 0.6712584495544434,
           'text': 'stake',
           'types': ['Unit', 'Organisation']},
          {'indices': [[6998, 7011]],
           'links': {'dbpedia': 'http://dbpedia.org/resource/Tata_Chemicals'},
           'score': 1.0,
           'text': 'Tata Chemicals',
           'types': ['Organisation', 'Company', 'Agent']},
          {'indices': [[1006, 1014], [1242, 1250], [1356, 1364]],
           'links': None,
           'score': None,
           'text': 'Max India',
           'types': ['Place', 'Person']},
          {'indices': [[2768, 2779]],
           'links': None,
           'score': None,
           'text': 'Natco Pharma',
           'types': ['Place']},
          {'indices': [[2782, 2795]],
           'links': None,
           'score': None,
           'text': 'Radico Khaitan',
           'types': ['Place']},
          {'indices': [[3023, 3025], [4225, 4227], [4231, 4233]],
           'links': None,
           'score': None,
           'text': 'IOB',
           'types': ['Place', 'Organisation']},
          {'indices': [[3309, 3310],
                       [3389, 3390],
                       [3491, 3492],
                       [3513, 3514],
                       [3559, 3560],
                       [3589, 3590],
                       [3786, 3787],
                       [3867, 3868],
                       [3951, 3952],
                       [3972, 3973],
                       [4041, 4042],
                       [4082, 4083],
                       [4279, 4280],
                       [4351, 4352],
                       [4441, 4442],
                       [4479, 4480],
                       [4579, 4580],
                       [4603, 4604],
                       [4657, 4658],
                       [4995, 4996],
                       [5069, 5070],
                       [5201, 5202],
                       [5223, 5224],
                       [5294, 5295],
                       [5337, 5338],
                       [5548, 5549],
                       [5628, 5629],
                       [5720, 5721],
                       [5743, 5744],
                       [5792, 5793],
                       [5823, 5824],
                       [6025, 6026],
                       [6106, 6107],
                       [6196, 6197],
                       [6219, 6220],
                       [6280, 6281],
                       [6309, 6310],
                       [7904, 7905],
                       [7979, 7980],
                       [8098, 8099]],
           'links': None,
           'score': None,
           'text': 'Rs',
           'types': ['Place', 'Organisation']},
          {'indices': [[3867, 3873]],
           'links': None,
           'score': None,
           'text': 'Rs 37.7',
           'types': ['Place']},
          {'indices': [[4351, 4356]],
           'links': None,
           'score': None,
           'text': 'Rs 342',
           'types': ['Place']},
          {'indices': [[4479, 4486]],
           'links': None,
           'score': None,
           'text': 'Rs 1,288',
           'types': ['Place']},
          {'indices': [[4657, 4664]],
           'links': None,
           'score': None,
           'text': 'Rs 1,060',
           'types': ['Place']},
          {'indices': [[5743, 5750]],
           'links': None,
           'score': None,
           'text': 'Rs 280.1',
           'types': ['Place']},
          {'indices': [[6196, 6203]],
           'links': None,
           'score': None,
           'text': 'Rs 285.3',
           'types': ['Place']},
          {'indices': [[6309, 6316]],
           'links': None,
           'score': None,
           'text': 'Rs 111.3',
           'types': ['Place']},
          {'indices': [[232, 236], [6411, 6415], [6502, 6506], [6593, 6597]],
           'links': None,
           'score': None,
           'text': 'Nifty',
           'types': ['Place']},
          {'indices': [[2689, 2694], [2774, 2779], [6859, 6864], [6939, 6944]],
           'links': None,
           'score': None,
           'text': 'Pharma',
           'types': ['Place']},
          {'indices': [[429, 432]],
           'links': None,
           'score': None,
           'text': 'List',
           'types': ['Person']},
          {'indices': [[456, 463]],
           'links': None,
           'score': None,
           'text': 'Triggers',
           'types': ['Person']},
          {'indices': [[662, 665], [3152, 3155]],
           'links': None,
           'score': None,
           'text': 'Find',
           'types': ['Person']},
          {'indices': [[874, 885]],
           'links': None,
           'score': None,
           'text': 'Max Hospital',
           'types': ['Person']},
          {'indices': [[497, 499],
                       [823, 825],
                       [874, 876],
                       [1006, 1008],
                       [1157, 1159],
                       [1242, 1244],
                       [1356, 1358]],
           'links': None,
           'score': None,
           'text': 'Max',
           'types': ['Person']},
          {'indices': [[1080, 1088]],
           'links': None,
           'score': None,
           'text': 'Abhay Soi',
           'types': ['Person']},
          {'indices': [[2119, 2130]],
           'links': None,
           'score': None,
           'text': 'Zee Business',
           'types': ['Person']},
          {'indices': [[2739, 2754]],
           'links': None,
           'score': None,
           'text': 'Lovable Lingerie',
           'types': ['Person']},
          {'indices': [[2819, 2832]],
           'links': None,
           'score': None,
           'text': 'Vaibhav Global',
           'types': ['Person']},
          {'indices': [[3063, 3075]],
           'links': None,
           'score': None,
           'text': 'J Kumar Infra',
           'types': ['Person']},
          {'indices': [[3003, 3014], [3703, 3714], [3723, 3734]],
           'links': None,
           'score': None,
           'text': 'Electrotherm',
           'types': ['Person']},
          {'indices': [[3054, 3057], [5449, 5452], [5467, 5470]],
           'links': None,
           'score': None,
           'text': 'MOIL',
           'types': ['Person']},
          {'indices': [[5455, 5465]],
           'links': None,
           'score': None,
           'text': 'State-owned',
           'types': ['Person']},
          {'indices': [[6685, 6694]],
           'links': None,
           'score': None,
           'text': 'Inclusions',
           'types': ['Person']},
          {'indices': [[7378, 7388]],
           'links': None,
           'score': None,
           'text': 'GM PFaudler',
           'types': ['Person']},
          {'indices': [[167, 180]],
           'links': None,
           'score': None,
           'text': 'S&P BSE Sensex',
           'types': ['Organisation']},
          {'indices': [[497, 518]],
           'links': None,
           'score': None,
           'text': 'Max Healthcare Listing',
           'types': ['Organisation']},
          {'indices': [[549, 558]],
           'links': None,
           'score': None,
           'text': 'Dixon Tech',
           'types': ['Organisation']},
          {'indices': [[561, 571], [1821, 1831]],
           'links': None,
           'score': None,
           'text': 'M&M Finance',
           'types': ['Organisation']},
          {'indices': [[580, 582], [2357, 2359]],
           'links': None,
           'score': None,
           'text': 'AGM',
           'types': ['Organisation']},
          {'indices': [[588, 589], [2660, 2661]],
           'links': None,
           'score': None,
           'text': 'Ex',
           'types': ['Organisation']},
          {'indices': [[697, 713]],
           'links': None,
           'score': None,
           'text': 'The Supreme Court',
           'types': ['Organisation']},
          {'indices': [[823, 850]],
           'links': None,
           'score': None,
           'text': 'Max HealthCare Institute Ltd',
           'types': ['Organisation']},
          {'indices': [[1060, 1077]],
           'links': None,
           'score': None,
           'text': 'Radiant Healthcare',
           'types': ['Organisation']},
          {'indices': [[1094, 1124]],
           'links': None,
           'score': None,
           'text': 'Kohlberg Kravis Roberts & Co LP',
           'types': ['Organisation']},
          {'indices': [[1157, 1188]],
           'links': None,
           'score': None,
           'text': 'Max Healthcare Institute Limited',
           'types': ['Organisation']},
          {'indices': [[1191, 1194], [1304, 1307]],
           'links': None,
           'score': None,
           'text': 'MHIL',
           'types': ['Organisation']},
          {'indices': [[1289, 1301]],
           'links': None,
           'score': None,
           'text': 'Merged Entity',
           'types': ['Organisation']},
          {'indices': [[1399, 1416], [1445, 1462]],
           'links': None,
           'score': None,
           'text': 'Dixon Technologies',
           'types': ['Organisation']},
          {'indices': [[1645, 1667]],
           'links': None,
           'score': None,
           'text': 'Jet Airways (India) Ltd',
           'types': ['Organisation']},
          {'indices': [[1834, 1850]],
           'links': None,
           'score': None,
           'text': 'Right Issue Share',
           'types': ['Organisation']},
          {'indices': [[1883, 1907]],
           'links': None,
           'score': None,
           'text': 'Core Group of Secretaries',
           'types': ['Organisation']},
          {'indices': [[2004, 2035]],
           'links': None,
           'score': None,
           'text': 'Bharat Petroleum Corporation Ltd',
           'types': ['Organisation']},
          {'indices': [[2368, 2389]],
           'links': None,
           'score': None,
           'text': 'Annual General Meeting',
           'types': ['Organisation']},
          {'indices': [[2410, 2432]],
           'links': None,
           'score': None,
           'text': 'Astral Poly Technik Ltd',
           'types': ['Organisation']},
          {'indices': [[2435, 2478]],
           'links': None,
           'score': None,
           'text': 'Bandhan Bank Ltd, Intellect Design Arena Ltd',
           'types': ['Organisation']},
          {'indices': [[2499, 2508]],
           'links': None,
           'score': None,
           'text': 'Hisar) Ltd',
           'types': ['Organisation']},
          {'indices': [[2511, 2530]],
           'links': None,
           'score': None,
           'text': 'Jindal Stainless Ltd',
           'types': ['Organisation']},
          {'indices': [[2533, 2568]],
           'links': None,
           'score': None,
           'text': 'Navin Fluorine International Limited',
           'types': ['Organisation']},
          {'indices': [[2571, 2586]],
           'links': None,
           'score': None,
           'text': 'TTK Prestige Ltd',
           'types': ['Organisation']},
          {'indices': [[2589, 2598]],
           'links': None,
           'score': None,
           'text': 'Voltas Ltd',
           'types': ['Organisation']},
          {'indices': [[2604, 2625]],
           'links': None,
           'score': None,
           'text': 'Whirlpool of India Ltd',
           'types': ['Organisation']},
          {'indices': [[2660, 2670]],
           'links': None,
           'score': None,
           'text': 'Ex-Dividend',
           'types': ['Organisation']},
          {'indices': [[2679, 2698]],
           'links': None,
           'score': None,
           'text': 'Aurobindo Pharma Ltd',
           'types': ['Organisation']},
          {'indices': [[2701, 2718]],
           'links': None,
           'score': None,
           'text': 'Dynamic Industries',
           'types': ['Organisation']},
          {'indices': [[2721, 2736]],
           'links': None,
           'score': None,
           'text': 'Indian Hume Pipe',
           'types': ['Organisation']},
          {'indices': [[2757, 2765]],
           'links': None,
           'score': None,
           'text': 'MCX India',
           'types': ['Organisation']},
          {'indices': [[2798, 2813]],
           'links': None,
           'score': None,
           'text': 'Tinplate Company',
           'types': ['Organisation']},
          {'indices': [[2952, 2970]],
           'links': None,
           'score': None,
           'text': 'Post Market Results',
           'types': ['Organisation']},
          {'indices': [[2989, 3000], [3170, 3181]],
           'links': None,
           'score': None,
           'text': 'Foods & Inns',
           'types': ['Organisation']},
          {'indices': [[3003, 3020], [3703, 3720], [3723, 3740]],
           'links': None,
           'score': None,
           'text': 'Electrotherm India',
           'types': ['Organisation']},
          {'indices': [[3028, 3051], [4908, 4931], [4934, 4957]],
           'links': None,
           'score': None,
           'text': 'India Nippon Electricals',
           'types': ['Organisation']},
          {'indices': [[3170, 3185]],
           'links': None,
           'score': None,
           'text': 'Foods & Inns Ltd',
           'types': ['Organisation']},
          {'indices': [[3189, 3197]],
           'links': None,
           'score': None,
           'text': 'The Fruit',
           'types': ['Organisation']},
          {'indices': [[3389, 3394]],
           'links': None,
           'score': None,
           'text': 'Rs 5.2',
           'types': ['Organisation']},
          {'indices': [[3437, 3448], [3912, 3923], [5137, 5148], [5682, 5693]],
           'links': None,
           'score': None,
           'text': 'Consolidated',
           'types': ['Organisation']},
          {'indices': [[3668, 3673],
                       [4161, 4166],
                       [4875, 4880],
                       [5191, 5196],
                       [5409, 5414],
                       [5873, 5878],
                       [6358, 6363]],
           'links': None,
           'score': None,
           'text': 'Q1FY21',
           'types': ['Organisation']},
          {'indices': [[4031, 4042], [4072, 4083], [5284, 5295], [5327, 5338]],
           'links': None,
           'score': None,
           'text': 'EBITDA of Rs',
           'types': ['Organisation']},
          {'indices': [[4850, 4853]],
           'links': None,
           'score': None,
           'text': 'NNPA',
           'types': ['Organisation']},
          {'indices': [[5191, 5202]],
           'links': None,
           'score': None,
           'text': 'Q1FY21 to Rs',
           'types': ['Organisation']},
          {'indices': [[5948, 5950]],
           'links': None,
           'score': None,
           'text': 'EPC',
           'types': ['Organisation']},
          {'indices': [[5913, 5933], [5961, 5981]],
           'links': None,
           'score': None,
           'text': 'J Kumar Infraprojects',
           'types': ['Organisation']},
          {'indices': [[6160, 6169]],
           'links': None,
           'score': None,
           'text': 'Standalone',
           'types': ['Organisation']},
          {'indices': [[6432, 6473]],
           'links': None,
           'score': None,
           'text': ""SBI Life Insurance and Divi's Laboratories"",
           'types': ['Organisation']},
          {'indices': [[6660, 6666]],
           'links': None,
           'score': None,
           'text': 'Details',
           'types': ['Organisation']},
          {'indices': [[6697, 6707]],
           'links': None,
           'score': None,
           'text': 'Aarti Drugs',
           'types': ['Organisation']},
          {'indices': [[6710, 6739]],
           'links': None,
           'score': None,
           'text': 'ABB Power Products and Systems',
           'types': ['Organisation']},
          {'indices': [[6742, 6758]],
           'links': None,
           'score': None,
           'text': 'Adani Enterprises',
           'types': ['Organisation']},
          {'indices': [[6770, 6784]],
           'links': None,
           'score': None,
           'text': 'Alok Industries',
           'types': ['Organisation']},
          {'indices': [[6787, 6799]],
           'links': None,
           'score': None,
           'text': 'Chalet Hotels',
           'types': ['Organisation']},
          {'indices': [[6802, 6823]],
           'links': None,
           'score': None,
           'text': 'Gujarat Ambuja Exports',
           'types': ['Organisation']},
          {'indices': [[6826, 6838]],
           'links': None,
           'score': None,
           'text': 'Huhtamaki PPL',
           'types': ['Organisation']},
          {'indices': [[6841, 6853]],
           'links': None,
           'score': None,
           'text': 'IOL Chemicals',
           'types': ['Organisation']},
          {'indices': [[6867, 6883]],
           'links': None,
           'score': None,
           'text': 'Navneet Education',
           'types': ['Organisation']},
          {'indices': [[6886, 6905]],
           'links': None,
           'score': None,
           'text': 'Polyplex Corporation',
           'types': ['Organisation']},
          {'indices': [[6908, 6922]],
           'links': None,
           'score': None,
           'text': 'Shilpa Medicare',
           'types': ['Organisation']},
          {'indices': [[6925, 6953]],
           'links': None,
           'score': None,
           'text': 'Solara Active Pharma Sciences',
           'types': ['Organisation']},
          {'indices': [[6956, 6972]],
           'links': None,
           'score': None,
           'text': 'Supreme Petrochem',
           'types': ['Organisation']},
          {'indices': [[6975, 6995]],
           'links': None,
           'score': None,
           'text': 'Suven Pharmaceuticals',
           'types': ['Organisation']},
          {'indices': [[7039, 7049]],
           'links': None,
           'score': None,
           'text': 'Adani Power',
           'types': ['Organisation']},
          {'indices': [[7055, 7063]],
           'links': None,
           'score': None,
           'text': 'T&D India',
           'types': ['Organisation']},
          {'indices': [[7066, 7086]],
           'links': None,
           'score': None,
           'text': 'Hexaware Technologies',
           'types': ['Organisation']},
          {'indices': [[7089, 7105]],
           'links': None,
           'score': None,
           'text': 'Himatsingka Seide',
           'types': ['Organisation']},
          {'indices': [[7114, 7150]],
           'links': None,
           'score': None,
           'text': 'India Tourism Development Corporation',
           'types': ['Organisation']},
          {'indices': [[7153, 7176]],
           'links': None,
           'score': None,
           'text': 'IndoStar Capital Finance',
           'types': ['Organisation']},
          {'indices': [[2453, 2474], [7179, 7200]],
           'links': None,
           'score': None,
           'text': 'Intellect Design Arena',
           'types': ['Organisation']},
          {'indices': [[7203, 7224]],
           'links': None,
           'score': None,
           'text': 'Jubilant Life Sciences',
           'types': ['Organisation']},
          {'indices': [[7227, 7235]],
           'links': None,
           'score': None,
           'text': 'KPR Mills',
           'types': ['Organisation']},
          {'indices': [[7238, 7260]],
           'links': None,
           'score': None,
           'text': 'Mahindra CIE Automotive',
           'types': ['Organisation']},
          {'indices': [[7263, 7303]],
           'links': None,
           'score': None,
           'text': 'Nava Bharat Ventures, Sadbhav Engineering',
           'types': ['Organisation']},
          {'indices': [[7327, 7340]],
           'links': None,
           'score': None,
           'text': 'Take Solutions',
           'types': ['Organisation']},
          {'indices': [[7361, 7374]],
           'links': None,
           'score': None,
           'text': 'Vesuvius India',
           'types': ['Organisation']},
          {'indices': [[7391, 7402], [7723, 7734]],
           'links': None,
           'score': None,
           'text': 'GMM Pfaudler',
           'types': ['Organisation']},
          {'indices': [[7471, 7484], [7608, 7621], [7768, 7781]],
           'links': None,
           'score': None,
           'text': 'Pfaudler Group',
           'types': ['Organisation']},
          {'indices': [[7529, 7560]],
           'links': None,
           'score': None,
           'text': 'Deutsche Beteiligungs AG Fund VI',
           'types': ['Organisation']},
          {'indices': [[7687, 7694]],
           'links': None,
           'score': None,
           'text': 'Mavag AG',
           'types': ['Organisation']},
          {'indices': [[7837, 7854]],
           'links': None,
           'score': None,
           'text': 'V-Guard Industries',
           'types': ['Organisation']},
          {'indices': [[7857, 7871]],
           'links': None,
           'score': None,
           'text': 'SBI Mutual Fund',
           'types': ['Organisation']},
          {'indices': [[7931, 7946]],
           'links': None,
           'score': None,
           'text': 'Axis Mutual Fund',
           'types': ['Organisation']},
          {'indices': [[8035, 8055]],
           'links': None,
           'score': None,
           'text': 'Clix Capital Services',
           'types': ['Organisation']}],
 'title': [{'indices': [[10, 14]],
            'links': None,
            'score': None,
            'text': 'Focus',
            'types': ['Organisation']},
           {'indices': [[36, 38]],
            'links': None,
            'score': None,
            'text': 'IOB',
            'types': ['Organisation']},
           {'indices': [[43, 54]],
            'links': None,
            'score': None,
            'text': 'GMM Pfaudler',
            'types': ['Organisation']},
           {'indices': [[70, 92]],
            'links': None,
            'score': None,
            'text': '5 Newsmakers of the Day',
            'types': ['Organisation']}]}";"[{'confident': True,
 'id': 'IAB13',
 'label': 'Personal Finance',
 'level': 1,
 'links': {'_self': 'https://api.aylien.com/api/v1/classify/taxonomy/iab-qag/IAB13',
           'parent': None},
 'score': 0.28999999165534973,
 'taxonomy': 'iab-qag'}, {'confident': False,
 'id': 'IAB13-8',
 'label': 'Mutual Funds',
 'level': 2,
 'links': {'_self': 'https://api.aylien.com/api/v1/classify/taxonomy/iab-qag/IAB13-8',
           'parent': 'https://api.aylien.com/api/v1/classify/taxonomy/iab-qag/IAB13'},
 'score': 0.15000000596046448,
 'taxonomy': 'iab-qag'}, {'confident': False,
 'id': '04016018',
 'label': 'earnings',
 'level': 3,
 'links': {'_self': 'https://api.aylien.com/api/v1/classify/taxonomy/iptc-subjectcode/04016018',
           'parent': 'https://api.aylien.com/api/v1/classify/taxonomy/iptc-subjectcode/04016000'},
 'score': 0.03999999910593033,
 'taxonomy': 'iptc-subjectcode'}]";"{'body': {'polarity': 'negative', 'score': 0.912106},
 'title': {'polarity': 'neutral', 'score': 0.750419}}";['negative']
2020-08-20  22:25;SBI MF buys 2.2% stake in V-Guard, Clix Capital offloads over 1.11 crore shares in Future Consumer;"SBI Mutual Fund has acquired 2.2 percent equity stake in V-Guard Industries, the electrical appliances manufacturer, via open market transaction on August 20.

The stock gained 5.62 percent to close at Rs 169.25 on the BSE despite the correction in benchmark indices.

SBI MF has bought 94,96,719 shares in company (representing 2.2 percent of its total paid-up equity capital) at Rs 160.25 per share, bulk deals data available on the National Stock Exchange showed.

Axis Mutual Fund was the seller for the abovementioned shares of V-Guard at the same price. As per shareholding pattern on June 30, Axis Mutual Fund through Axis Focused 25 Fund 1 held 1,71,27,506 shares (representing 4 percent of its total paid-up equity).

Among other deals, Clix Capital Services sold 1,11,65,000 equity shares in Future Consumer, a food-led FMCG company, at Rs 11.2 per share. The stock ended 4.67 percent higher at Rs 11.20 on August 20.

On August 11, Future Capital Investment Pvt, the promoter of Future Consumer, said Clix Capital Services invoked 3,45,49,134 pledged shares (representing 1.8 percent of the total paid-up equity) of Future Consumer on July 22. These shares were encumbered in favour of Clix.

Apart from above deals, LTS Investment Fund bought 11 lakh shares in Alankit at Rs 17.63 per share. Thakar Ashish Bhupendra acquired 1.8 lakh shares in GSS Infotech at Rs 26.7 per share.

VT Rajan bought 1.04 lakh shares in Jain Irrigation DVR at Rs 12.03 per share and Radhey Health Care acquired 1,28,095 shares in Ruchira Papers at Rs 60.19 per share.

Sanjay R Chowdhari sold 1.6 lakh shares in Supreme Engineering at Rs 17.03 per share. Pranith Realities sold 1.44 lakh shares in Suumaya Lifestyle at Rs 31.47 per share.

Alpha Leon Enterprises sold 18,55,361 shares in Vikas EcoTech at Rs 10.6 per share.";"{'body': [{'indices': [[41, 46],
                       [362, 367],
                       [717, 722],
                       [785, 790],
                       [1116, 1121]],
           'links': {'dbpedia': 'http://dbpedia.org/resource/Equity_(finance)'},
           'score': 0.5378400087356567,
           'text': 'equity',
           'types': ['Difference', 'Disease']},
          {'indices': [[362, 375]],
           'links': {'dbpedia': 'http://dbpedia.org/resource/Equity_(finance)'},
           'score': 1.0,
           'text': 'equity capital',
           'types': ['Difference', 'Disease']},
          {'indices': [[468, 471], [600, 603], [625, 628]],
           'links': {'dbpedia': 'http://dbpedia.org/resource/Axis_powers'},
           'score': 0.997718095779419,
           'text': 'Axis',
           'types': ['Nations',
                     'Location',
                     'PopulatedPlace',
                     'Place',
                     'Country',
                     'EthnicGroup']},
          {'indices': [[1444, 1446]],
           'links': {'dbpedia': 'http://dbpedia.org/resource/Digital_video_recorder'},
           'score': 0.9995495080947876,
           'text': 'DVR',
           'types': ['Device', 'Product', 'MusicGenre']},
          {'indices': [[830, 833]],
           'links': {'dbpedia': 'http://dbpedia.org/resource/Fast-moving_consumer_goods'},
           'score': 0.9840599298477173,
           'text': 'FMCG',
           'types': ['Products', 'Company', 'Organisation']},
          {'indices': [[273, 274]],
           'links': {'dbpedia': 'http://dbpedia.org/resource/Midfielder'},
           'score': 0.9859843850135803,
           'text': 'MF',
           'types': ['Person', 'Position', 'Product']},
          {'indices': [[785, 797]],
           'links': {'dbpedia': 'http://dbpedia.org/resource/Common_stock'},
           'score': 1.0,
           'text': 'equity shares',
           'types': ['Form']},
          {'indices': [[1258, 1261],
                       [1341, 1344],
                       [1413, 1416],
                       [1588, 1591],
                       [1674, 1677]],
           'links': {'dbpedia': 'http://dbpedia.org/resource/Lakh'},
           'score': 1.0,
           'text': 'lakh',
           'types': ['Unit', 'Organisation']},
          {'indices': [[219, 221]],
           'links': {'dbpedia': 'http://dbpedia.org/resource/Bombay_Stock_Exchange'},
           'score': 0.5249748229980469,
           'text': 'BSE',
           'types': ['Company', 'Exchange', 'Organisation']},
          {'indices': [[48, 52]],
           'links': {'dbpedia': 'http://dbpedia.org/resource/Stake_(Latter_Day_Saints)'},
           'score': 0.6295449137687683,
           'text': 'stake',
           'types': ['Unit', 'Organisation']},
          {'indices': [[435, 457]],
           'links': {'dbpedia': 'http://dbpedia.org/resource/National_Stock_Exchange_of_India'},
           'score': 0.9987723231315613,
           'text': 'National Stock Exchange',
           'types': ['Company', 'Exchange', 'Organisation']},
          {'indices': [[1273, 1279]],
           'links': None,
           'score': None,
           'text': 'Alankit',
           'types': ['Place']},
          {'indices': [[1392, 1393]],
           'links': None,
           'score': None,
           'text': 'VT',
           'types': ['Place']},
          {'indices': [[1689, 1705]],
           'links': None,
           'score': None,
           'text': 'Suumaya Lifestyle',
           'types': ['Place']},
          {'indices': [[746, 749], [1012, 1015], [1197, 1200]],
           'links': None,
           'score': None,
           'text': 'Clix',
           'types': ['Person']},
          {'indices': [[1204, 1208]],
           'links': None,
           'score': None,
           'text': 'Apart',
           'types': ['Person']},
          {'indices': [[1304, 1326]],
           'links': None,
           'score': None,
           'text': 'Thakar Ashish Bhupendra',
           'types': ['Person']},
          {'indices': [[1395, 1399]],
           'links': None,
           'score': None,
           'text': 'Rajan',
           'types': ['Person']},
          {'indices': [[1428, 1446]],
           'links': None,
           'score': None,
           'text': 'Jain Irrigation DVR',
           'types': ['Person']},
          {'indices': [[1779, 1791]],
           'links': None,
           'score': None,
           'text': 'Vikas EcoTech',
           'types': ['Person']},
          {'indices': [[0, 14]],
           'links': None,
           'score': None,
           'text': 'SBI Mutual Fund',
           'types': ['Organisation']},
          {'indices': [[57, 74]],
           'links': None,
           'score': None,
           'text': 'V-Guard Industries',
           'types': ['Organisation']},
          {'indices': [[202, 203],
                       [381, 382],
                       [847, 848],
                       [905, 906],
                       [1284, 1285],
                       [1372, 1373],
                       [1451, 1452],
                       [1539, 1540],
                       [1626, 1627],
                       [1710, 1711],
                       [1796, 1797]],
           'links': None,
           'score': None,
           'text': 'Rs',
           'types': ['Organisation']},
          {'indices': [[468, 483], [600, 615]],
           'links': None,
           'score': None,
           'text': 'Axis Mutual Fund',
           'types': ['Organisation']},
          {'indices': [[57, 63], [533, 539]],
           'links': None,
           'score': None,
           'text': 'V-Guard',
           'types': ['Organisation']},
          {'indices': [[746, 766], [1012, 1032]],
           'links': None,
           'score': None,
           'text': 'Clix Capital Services',
           'types': ['Organisation']},
          {'indices': [[943, 971]],
           'links': None,
           'score': None,
           'text': 'Future Capital Investment Pvt',
           'types': ['Organisation']},
          {'indices': [[802, 816], [990, 1004], [1127, 1141]],
           'links': None,
           'score': None,
           'text': 'Future Consumer',
           'types': ['Organisation']},
          {'indices': [[1228, 1246]],
           'links': None,
           'score': None,
           'text': 'LTS Investment Fund',
           'types': ['Organisation']},
          {'indices': [[1356, 1367]],
           'links': None,
           'score': None,
           'text': 'GSS Infotech',
           'types': ['Organisation']},
          {'indices': [[1474, 1491]],
           'links': None,
           'score': None,
           'text': 'Radhey Health Care',
           'types': ['Organisation']},
          {'indices': [[1560, 1565]],
           'links': None,
           'score': None,
           'text': 'Sanjay',
           'types': ['Organisation']},
          {'indices': [[1569, 1577]],
           'links': None,
           'score': None,
           'text': 'Chowdhari',
           'types': ['Organisation']},
          {'indices': [[1603, 1621]],
           'links': None,
           'score': None,
           'text': 'Supreme Engineering',
           'types': ['Organisation']},
          {'indices': [[1646, 1662]],
           'links': None,
           'score': None,
           'text': 'Pranith Realities',
           'types': ['Organisation']},
          {'indices': [[1731, 1752]],
           'links': None,
           'score': None,
           'text': 'Alpha Leon Enterprises',
           'types': ['Organisation']},
          {'indices': [[1796, 1802]],
           'links': None,
           'score': None,
           'text': 'Rs 10.6',
           'types': ['Organisation']}],
 'title': [{'indices': [[17, 21]],
            'links': {'dbpedia': 'http://dbpedia.org/resource/Equity_(finance)'},
            'score': 0.7844310998916626,
            'text': 'stake',
            'types': ['Difference', 'Disease']},
           {'indices': [[67, 71]],
            'links': {'dbpedia': 'http://dbpedia.org/resource/Crore'},
            'score': 1.0,
            'text': 'crore',
            'types': ['Unit', 'Organisation']},
           {'indices': [[4, 5]],
            'links': {'dbpedia': 'http://dbpedia.org/resource/Midfielder'},
            'score': 0.9376400113105774,
            'text': 'MF',
            'types': ['Person', 'Position', 'Product']},
           {'indices': [[26, 32]],
            'links': None,
            'score': None,
            'text': 'V-Guard',
            'types': ['Organisation']},
           {'indices': [[35, 46]],
            'links': None,
            'score': None,
            'text': 'Clix Capital',
            'types': ['Organisation']}]}";"[{'confident': True,
 'id': 'IAB13',
 'label': 'Personal Finance',
 'level': 1,
 'links': {'_self': 'https://api.aylien.com/api/v1/classify/taxonomy/iab-qag/IAB13',
           'parent': None},
 'score': 0.5199999809265137,
 'taxonomy': 'iab-qag'}, {'confident': True,
 'id': 'IAB13-11',
 'label': 'Stocks',
 'level': 2,
 'links': {'_self': 'https://api.aylien.com/api/v1/classify/taxonomy/iab-qag/IAB13-11',
           'parent': 'https://api.aylien.com/api/v1/classify/taxonomy/iab-qag/IAB13'},
 'score': 0.17000000178813934,
 'taxonomy': 'iab-qag'}, {'confident': True,
 'id': '04016018',
 'label': 'earnings',
 'level': 3,
 'links': {'_self': 'https://api.aylien.com/api/v1/classify/taxonomy/iptc-subjectcode/04016018',
           'parent': 'https://api.aylien.com/api/v1/classify/taxonomy/iptc-subjectcode/04016000'},
 'score': 0.18000000715255737,
 'taxonomy': 'iptc-subjectcode'}]";"{'body': {'polarity': 'neutral', 'score': 0.640254},
 'title': {'polarity': 'neutral', 'score': 0.867706}}";['neutral']
2020-08-17  13:40;Asset Management Market Industry Growth Analysis 2020 By Major Key Players are JP Morgan Stanley, Axis Mutual Fund, BNP Paribas S.A., HSBC Holdings plc;Asset Management Market By Type Of Asset Class (Equity, Fixed Income, Alternative Assets And Others), By Type Service Element (Asset Services, Custody Services), By Type Client (Mass Affulent, Hnwi, Pension Funds, Insurance Companies, Sovereign Wealth Funds (Swf)), And By Region,;"{'body': [{'indices': [[235, 256]],
           'links': {'dbpedia': 'http://dbpedia.org/resource/Sovereign_wealth_fund'},
           'score': 1.0,
           'text': 'Sovereign Wealth Funds',
           'types': ['Company', 'Fund']},
          {'indices': [[193, 196]],
           'links': None,
           'score': None,
           'text': 'Hnwi',
           'types': ['Person']},
          {'indices': [[259, 261]],
           'links': None,
           'score': None,
           'text': 'Swf',
           'types': ['Person']},
          {'indices': [[105, 140]],
           'links': None,
           'score': None,
           'text': 'Type Service Element (Asset Services',
           'types': ['Organisation']},
          {'indices': [[143, 158]],
           'links': None,
           'score': None,
           'text': 'Custody Services',
           'types': ['Organisation']},
          {'indices': [[214, 256]],
           'links': None,
           'score': None,
           'text': 'Insurance Companies, Sovereign Wealth Funds',
           'types': ['Organisation']}],
 'title': [{'indices': [[134, 150]],
            'links': {'dbpedia': 'http://dbpedia.org/resource/HSBC'},
            'score': 1.0,
            'text': 'HSBC Holdings plc',
            'types': ['Organisation', 'Banking', 'Bank', 'Agent', 'Company']},
           {'indices': [[98, 101]],
            'links': {'dbpedia': 'http://dbpedia.org/resource/Axis_powers'},
            'score': 0.9976983070373535,
            'text': 'Axis',
            'types': ['EthnicGroup',
                      'Country',
                      'Location',
                      'PopulatedPlace',
                      'Nations',
                      'Place']},
           {'indices': [[82, 95]],
            'links': {'dbpedia': 'http://dbpedia.org/resource/Morgan_Stanley'},
            'score': 1.0,
            'text': 'Morgan Stanley',
            'types': ['Organisation',
                      'Bank',
                      'Agent',
                      'Corporation',
                      'Company']},
           {'indices': [[116, 126]],
            'links': {'dbpedia': 'http://dbpedia.org/resource/BNP_Paribas'},
            'score': 0.9999942183494568,
            'text': 'BNP Paribas',
            'types': ['Organisation', 'Bank', 'Agent', 'Company']},
           {'indices': [[98, 113]],
            'links': None,
            'score': None,
            'text': 'Axis Mutual Fund',
            'types': ['Organisation']},
           {'indices': [[116, 130]],
            'links': None,
            'score': None,
            'text': 'BNP Paribas S.A',
            'types': ['Organisation']},
           {'indices': [[134, 146]],
            'links': None,
            'score': None,
            'text': 'HSBC Holdings',
            'types': ['Organisation']}]}";"[{'confident': True,
 'id': 'IAB13',
 'label': 'Personal Finance',
 'level': 1,
 'links': {'_self': 'https://api.aylien.com/api/v1/classify/taxonomy/iab-qag/IAB13',
           'parent': None},
 'score': 0.5,
 'taxonomy': 'iab-qag'}, {'confident': True,
 'id': 'IAB13-8',
 'label': 'Mutual Funds',
 'level': 2,
 'links': {'_self': 'https://api.aylien.com/api/v1/classify/taxonomy/iab-qag/IAB13-8',
           'parent': 'https://api.aylien.com/api/v1/classify/taxonomy/iab-qag/IAB13'},
 'score': 0.23999999463558197,
 'taxonomy': 'iab-qag'}, {'confident': False,
 'id': '04006000',
 'label': 'financial and business service',
 'level': 2,
 'links': {'_self': 'https://api.aylien.com/api/v1/classify/taxonomy/iptc-subjectcode/04006000',
           'parent': 'https://api.aylien.com/api/v1/classify/taxonomy/iptc-subjectcode/04000000'},
 'score': 0.019999999552965164,
 'taxonomy': 'iptc-subjectcode'}]";"{'body': {'polarity': 'positive', 'score': 0.468548},
 'title': {'polarity': 'neutral', 'score': 0.924138}}";['neutral']
